{"cameraMode":{"drawMode":0,"name":"Shaded","section":"Shading Mode"},"sceneLighting":true,"audioPlay":false,"sceneViewState":{"showFog":true,"showMaterialUpdate":true,"showSkybox":true,"showFlares":false,"showImageEffects":true,"showParticleSystems":true},"in2DMode":false,"pivot":{"x":-12.355445861816407,"y":-1.6471995115280152,"z":-6.940676212310791},"rotation":{"x":-0.13730362057685853,"y":0.8107679486274719,"z":-0.21057528257369996,"w":-0.5286408066749573},"size":20.42025375366211,"orthographic":true}