{"cameraMode":{"drawMode":0,"name":"Shaded","section":"Shading Mode"},"sceneLighting":true,"audioPlay":false,"sceneViewState":{"showFog":true,"showMaterialUpdate":false,"showSkybox":true,"showFlares":true,"showImageEffects":true,"showParticleSystems":true},"in2DMode":false,"pivot":{"x":-4.766468048095703,"y":-0.7617431879043579,"z":3.591649293899536},"rotation":{"x":-0.05307650566101074,"y":0.32177117466926577,"z":-0.018078608438372613,"w":-0.9451557397842407},"size":5.0919342041015629,"orthographic":true}