{"cameraMode":{"drawMode":0,"name":"Shaded","section":"Shading Mode"},"sceneLighting":false,"audioPlay":false,"sceneViewState":{"showFog":true,"showMaterialUpdate":true,"showSkybox":true,"showFlares":true,"showImageEffects":true,"showParticleSystems":true},"in2DMode":false,"pivot":{"x":11.130730628967286,"y":2.5785858631134035,"z":2.2815675735473635},"rotation":{"x":-0.06835926324129105,"y":-0.12982067465782166,"z":0.00897181872278452,"w":-0.989137589931488},"size":22.94674301147461,"orthographic":false}