{"cameraMode":{"drawMode":0,"name":"Shaded","section":"Shading Mode"},"sceneLighting":false,"audioPlay":false,"sceneViewState":{"showFog":true,"showMaterialUpdate":true,"showSkybox":true,"showFlares":true,"showImageEffects":true,"showParticleSystems":true},"in2DMode":false,"pivot":{"x":0.10000002384185791,"y":-0.7282578349113464,"z":1.3874781131744385},"rotation":{"x":-0.12055501341819763,"y":-0.0756797194480896,"z":0.009196546860039235,"w":-0.9897750020027161},"size":6.185541152954102,"orthographic":true}