{"cameraMode":{"drawMode":0,"name":"Shaded","section":"Shading Mode"},"sceneLighting":true,"audioPlay":false,"sceneViewState":{"showFog":true,"showMaterialUpdate":false,"showSkybox":true,"showFlares":true,"showImageEffects":true,"showParticleSystems":true},"in2DMode":false,"pivot":{"x":-5.865114688873291,"y":3.616424322128296,"z":-4.273724555969238},"rotation":{"x":0.09591272473335266,"y":-0.15109698474407197,"z":-0.014731939882040024,"w":-0.9837446212768555},"size":15.337964057922364,"orthographic":false}