{"cameraMode":{"drawMode":0,"name":"Shaded","section":"Shading Mode"},"sceneLighting":true,"audioPlay":false,"sceneViewState":{"showFog":true,"showMaterialUpdate":false,"showSkybox":true,"showFlares":true,"showImageEffects":true,"showParticleSystems":true},"in2DMode":false,"pivot":{"x":-20.752700805664064,"y":45.549415588378909,"z":-52.80000305175781},"rotation":{"x":-0.22481012344360352,"y":0.022503603249788286,"z":-0.0051933773793280128,"w":-0.9741289019584656},"size":37.54662322998047,"orthographic":false}