{"cameraMode":{"drawMode":0,"name":"Shaded","section":"Shading Mode"},"sceneLighting":true,"audioPlay":false,"sceneViewState":{"showFog":true,"showMaterialUpdate":false,"showSkybox":true,"showFlares":true,"showImageEffects":true,"showParticleSystems":true},"in2DMode":false,"pivot":{"x":1.6339442729949952,"y":-4.380434989929199,"z":-22.937267303466798},"rotation":{"x":0.0033588651567697527,"y":0.9796673655509949,"z":-0.19992415606975556,"w":0.016461646184325219},"size":40.06929397583008,"orthographic":false}