{"cameraMode":{"drawMode":0,"name":"Shaded","section":"Shading Mode"},"sceneLighting":true,"audioPlay":false,"sceneViewState":{"showFog":true,"showMaterialUpdate":false,"showSkybox":true,"showFlares":true,"showImageEffects":true,"showParticleSystems":true},"in2DMode":false,"pivot":{"x":1.6288213729858399,"y":-1.127718448638916,"z":-0.6719480752944946},"rotation":{"x":-0.22924907505512238,"y":-0.0052590821869671349,"z":0.0012385566951707006,"w":-0.97335284948349},"size":19.6180362701416,"orthographic":false}